{
 "$schema": "https://developer.microsoft.com/json-schemas/sp/v2/column-formatting.schema.json",
  "elmType": "div",
  "children": [
    {
      "elmType": "div",
      "txtContent": "💭 View by Card",
      "style": {
        "border-radius": "3px",
        "cursor": "pointer",
        "padding": "5px 10px",
        "margin": "5px",
        "white-space": "nowrap",
        "font-size": "13px"
      },
      "attributes": {
        "class": "ms-bgColor-themePrimary ms-bgColor-themeDark--hover ms-fontColor-white"
      },
      "customCardProps": {
        "openOnEvent": "hover",
        "directionalHint": "rightCenter",
        "isBeakVisible": true,
        "formatter": {
          "elmType": "filepreview",
          "attributes": {
            "src": "[$FileRef]"
          },
          "style": {
            "width": "= @window.innerWidth * 0.5 + 'px'",
            "height": "= @window.innerHeight * 0.7 + 'px'"
          }
        }
      }
    }
  ]
}
